;StationID;CutoffRigidity;sites_Precip;sites_Temperature;Bulkdensity;Altitude;beta;beta_sd;beta_mae;beta_rmse;beta_oulu;beta_apty;beta_lmks;beta_mxco;beta_athens;omega;omega_sd;omega_oulu;omega_apty;omega_mxco;omega_athens;omega_lmks;omega_mae;omega_rmse;psi;psi_sd;psi_oulu;psi_apty;psi_athens;psi_mxco;psi_lmks;psi_mae;psi_rmse;BetaDesilets;mean_N;mean_P;number_of_days_for_regression;Desilets_beta_eff;Desilets_beta
0;AAC001;1.21;1240;6.2;1.029;72;-0.007116518475546639;0.00023251069972019835;-0.00727786234402312;-0.007116518475546639;-0.007043493450232844;-0.006990082640454221;-0.007077266201571222;-0.007105749398151685;-0.007091803246185471;-0.009406911448180367;0.0013144797377544293;-0.008821698110332699;-0.008772517162790493;-0.009499070377795934;-0.009311562926400974;-0.009242717408363323;-0.009671903750332446;-0.009406911448180367;0.14934533309104386;0.13859417084114709;1.2823223339196903;0.9645262092320276;0.6145015985877343;1.1193481960220626;0.4925974367128287;0.15911179349252816;0.14934533309104386;;1737.0987996990327;1003.6872048417631;1655.0;-0.007259429377684611;-0.007271678585329778
1;ACC001;4.15;1805;7.0;0.853;867;-0.0074766534197777;0.0002241084164280115;-0.007481622982549213;-0.0074766534197777;-0.007584347406626915;-0.007590532008545318;-0.007567976503471481;-0.007578693422603335;-0.007568535532941847;-0.005723772320830111;0.0015322577734201595;-0.0057107742880602615;-0.005702921305226156;-0.005577348824635616;-0.005522062579941048;-0.005552166998971812;-0.006397199752944496;-0.005723772320830111;0.8276168144000825;0.18581336879603963;0.42448829647567105;0.3487924990484801;0.7020637884416785;0.9382711928550151;0.1307740253603082;0.7951991317244066;0.8276168144000825;;2556.0090897902783;917.9654784917154;1372.0;-0.0073291716179572424;-0.007387344999109971
2;AGCK003;7.17;1003;12.5;1.258;1032;-0.006771722718868965;0.0005218771203222002;-0.006820657024750405;-0.006771722718868965;-0.006743054459861301;-0.006760529521460063;-0.006748575683761303;-0.0067964690716035845;-0.006611594571939024;-0.007152154370463305;0.0016148521018281917;-0.007150050244766995;-0.0071650528491416015;-0.007116441511072695;-0.006845328213767115;-0.00732095537024139;-0.007891884942751361;-0.007152154370463305;0.0506379492881447;0.24405793415911234;0.5240295957529765;0.31203887868015284;0.8036715633610204;1.0492769675887472;0.26447362273176767;0.10682714084211985;0.0506379492881447;;2945.2432543168575;898.6330954586874;1486.0;-0.007172619456007677;-0.007243421723103317
3;ALC001;6.87;1255;13.6;0.858;671;-0.0063232200419410444;0.00028407723934445884;-0.006477811006168635;-0.0063232200419410444;-0.006266542954899491;-0.006281904285567039;-0.006256078504871092;-0.006293159286305416;-0.006282705151334191;-0.005400741359569455;0.0009039807029636178;-0.005358046429881218;-0.005375719235539719;-0.00532726442618319;-0.00552871887866508;-0.005403740443423717;-0.005361956161826344;-0.005400741359569455;0.3488982266280556;0.12258634609456444;0.2576887429622745;0.25268058481081906;0.44516324167495686;0.5998358999012643;0.13026244689945066;0.3460105594828958;0.3488982266280556;;1736.9337022178652;939.672806835444;1674.0;-0.007166483342816112;-0.007222807670069933
4;ALC002;6.87;1215;15.4;1.126;453;-0.006191412709486913;0.00027518291600909264;-0.006436336469875831;-0.006191412709486913;-0.006154695814521379;-0.006168893625778291;-0.006118654503033305;-0.006146318760895211;-0.006171976641649221;-0.006416923426151357;0.0005521404766294747;-0.006470937930502364;-0.006435007875932402;-0.006349232991636741;-0.006335614030877946;-0.006509805128413224;-0.006754508200808279;-0.006416923426151357;0.3208475908730378;0.12685050202076772;0.42437836229861414;0.3738379173984296;0.583607627778936;0.6050712117142685;0.23554623730240845;0.28552101767016097;0.3208475908730378;;1741.91282476285;962.2372368399687;1884.0;-0.007148107955234779;-0.007192285262497605
5;BBC001;3.1;986;8.9;1.037;571;-0.007599490461340563;0.00047205233483078575;-0.0075545053617014565;-0.007599490461340563;-0.007570132256886539;-0.007587636225935919;-0.007647232794800223;-0.007590227669694717;-0.007697860791810952;-0.006365573930631671;0.0018506021308360887;-0.006266605628372595;-0.006236953619163221;-0.0063702803664034986;-0.006589017310611845;-0.006406663695167067;-0.006665512604799645;-0.006365573930631671;0.713591919749044;0.47583778054709425;0.6988662304117924;0.417821894917833;0.4547041724920174;0.9100118788473663;-0.1361551265067444;0.5002169849148433;0.713591919749044;;2811.2166038595487;949.0261882673872;684.0;-0.007334421745380399;-0.007383968938621848
6;BOC001;3.07;1071;10.8;1.276;67;-0.0072880944560944514;0.0008062535124087208;-0.0072585334122932275;-0.0072880944560944514;-0.007325740408219841;-0.007286940781255881;-0.007363465137830879;-0.007380840954968242;-0.007252103500876664;-0.010063179879491355;0.003110998470396534;-0.00969169217734664;-0.009690233531997031;-0.009958939913571285;-0.009373478621563366;-0.01005449073600233;-0.009413692233863548;-0.010063179879491355;0.613340502479795;0.4160827313413481;1.1325138737400433;1.0005401996511658;1.606914222864147;0.431430536945021;-0.005221101667927103;0.5105635848929497;0.613340502479795;;1500.6227033487335;1008.9489066146873;187.0;-0.007283810744942362;-0.007288139394964497
7;BUC001;4.72;792;12.6;1.23;625;-0.0052462131268309;0.0010837261699171861;-0.00578663242094083;-0.0052462131268309;-0.005195965248826204;-0.005200049489498619;-0.005093676301036128;-0.00524041144222464;-0.0051060410357751645;-0.006543005677640997;0.0029613369044607864;-0.004953667498579672;-0.005009049663147755;-0.00506524624181979;-0.004714499938523144;-0.00501766277146002;-0.007477800642932417;-0.006543005677640997;0.9745097444311474;0.4597247438379214;0.2750632113277441;0.3153266462116275;1.7700657050048216;0.5540898516716188;0.43703400549581395;1.1814559778031668;0.9745097444311474;;2515.3766011392477;1011.2499974312951;180.0;-0.007237672555042098;-0.007239567028677662
8;CAC001;7.36;525;16.6;1.177;785;-0.0067000955272204935;0.0002817384477478106;-0.006600112867166842;-0.0067000955272204935;-0.006764851240590042;-0.0067717068551775145;-0.006766275143139322;-0.006760799330045488;-0.0067317358170077835;-0.005381395971829196;0.0011071931879411778;-0.005353970117493965;-0.005399805099984377;-0.005427601952213719;-0.005193471773475914;-0.005337666496763755;-0.0052063523976085945;-0.005381395971829196;0.2873487340916762;0.13279082832525216;0.4149230480435113;0.26147718736968406;0.5912590536277521;0.8826270455527196;0.16446006664178875;0.3487895747466056;0.2873487340916762;;2418.5908683115676;929.6393749511103;1035.0;-0.0071365477067745625;-0.0072015156340426685
9;CAC002;7.36;525;16.6;1.252;789;-0.007190358640012657;0.001999962820738408;-0.006990471260853985;-0.007190358640012657;-0.006997148226439576;-0.00699489702054362;-0.007006772901520909;-0.007075477509721356;-0.007067035960767148;0.0006713558029958614;0.0024040996743669683;0.0007596281046302369;0.000775241495580411;0.0007545978202921981;0.0007848678135914743;0.0009422461188983261;0.00043977725189657215;0.0006713558029958614;-0.11381340545657923;0.5027990233466153;0.022809190174922625;0.03488172113112583;0.37145121346499005;0.031552570657642526;0.4009040984843954;0.0402663787703286;-0.11381340545657923;;1004.2615386115834;928.4609918469863;455.0;-0.007137458842509039;-0.0072028782024151985
10;CBC001;8.37;338;9.8;1.482;1459;-0.006757507930662752;0.00039326025244323747;-0.006717774379646426;-0.006757507930662752;-0.00675879246774705;-0.006754184177265562;-0.006756714038798258;-0.006740606195283044;-0.006713318769883419;0.005640837500275151;0.004502336931347886;0.005130533577744362;0.0051113945705205995;0.004441889191642883;0.004320629999247528;0.0055554110917636216;0.0035797070429262464;0.005640837500275151;0.09361025115034888;0.3032375076168456;0.20925696178673472;0.2503520814099359;0.5726214565060361;0.3969485148878854;0.030478319584074938;0.1987075747431331;0.09361025115034888;;3825.554929917121;854.294321473546;988.0;-0.007104892211616673;-0.007191611675485194
11;CRC001;4.9;900;7.5;1.612;230;-0.006824324069205641;0.0004338487320832629;-0.006953237402270964;-0.006824324069205641;-0.007024353621444079;-0.007053025939087265;-0.007014123242853223;-0.0070655020260397315;-0.007060856187931713;-0.0007434916072148468;0.0014866822168319268;-0.0007326841427949429;-0.0007026381799123203;-0.000682887986445489;-0.0009668571785860666;-0.0006818601875279073;-0.0004529053633910655;-0.0007434916072148468;0.6436169561469468;0.21381201696962543;0.38229032565098364;0.3289542201403058;0.8143831006868374;0.7155401797412322;0.2690024552897085;0.5073373201724768;0.6436169561469468;;668.6770327334882;990.9745518685133;1662.0;-0.007247120795893134;-0.007265774433490987
12;CUC001;2.94;868;10.5;1.491;140;-0.007618764965463571;0.00020201811259645044;-0.007730747010455347;-0.007618764965463571;-0.0075804472009011175;-0.007574526881919752;-0.007581151667134808;-0.007600515129938803;-0.007666860596061791;-0.007521993941871092;0.0011298545758594227;-0.007484957521515806;-0.007464986465342972;-0.0075150711537421595;-0.007844032306405162;-0.007467874647107841;-0.007231278972291507;-0.007521993941871092;0.936192992588189;0.35752840658634216;0.6230346562935812;0.6210054030113433;0.8570191103817953;1.0908510778688112;0.2068525008794172;0.8090438524933847;0.936192992588189;;809.2309114476132;1002.2745493311932;1843.0;-0.00729101134797011;-0.007301518257154915
13;DEC001;2.79;550;7.5;1.43;129;-0.007336818946295866;0.00025374487225135174;-0.00734893244088414;-0.007336818946295866;-0.007165299896653049;-0.0071443958112065616;-0.007190355008659113;-0.007251571928768699;-0.00723234199009441;-0.006934299377298105;0.0008200670430794262;-0.0068387915378589;-0.0068439811280092905;-0.006908782522608166;-0.007056823350534186;-0.006836753969297528;-0.007061931511265582;-0.006934299377298105;0.5422315747237664;0.20299192546982942;0.8030527495711326;0.8399323661739752;0.953882259458039;0.9108762148366775;0.6094423716688718;0.5044295888780603;0.5422315747237664;;844.9291039460318;1003.1549494118008;2568.0;-0.007290884421839768;-0.007300791301397264
14;ELC001;1.61;800;12.0;0.997;95;-0.007277451034078618;0.00013587822191057756;-0.007317554143088368;-0.007277451034078618;-0.007299972145769198;-0.007287718951109975;-0.007283681410782946;-0.007290138052286248;-0.007298751826521888;-0.007564416440759809;0.0009982000734195964;-0.007532675043893123;-0.007430748839832821;-0.007553687367326418;-0.007553377027088557;-0.0074312654609842805;-0.007559472030789781;-0.007564416440759809;0.33330814329787917;0.17221569450152532;0.9133990057655738;0.6452968506374906;0.8274228915646705;1.137546583887281;0.35597907433787984;0.3406276250714273;0.33330814329787917;;1827.3413621750306;999.847070144605;1834.0;-0.007279058845859132;-0.007294448397305149
15;ESC001;4.25;2062;4.3;0.567;1267;-0.007282845620784245;0.0001576717574633224;-0.0071503725218435175;-0.007282845620784245;-0.007310767007901024;-0.007327244343863612;-0.007282200379714281;-0.007337053904136135;-0.007333056059878784;-0.006902814695277095;0.0005367223920560863;-0.006709057841361781;-0.006753963885669024;-0.006548716323112177;-0.006443477898851729;-0.006609004362720281;-0.007230006315366651;-0.006902814695277095;0.5880412198601132;0.11747388316104337;0.42720157526806346;0.39462862078176825;0.7472394069377655;1.0809096413309154;0.24358080106873062;0.6045402691404113;0.5880412198601132;;2868.3447912438355;874.281254110694;1358.0;-0.0073492759697535845;-0.00741619462496664
16;EUC001;2.69;600;10.0;1.214;18;-0.00679367246574072;0.00025231759092135856;-0.00709581047809288;-0.00679367246574072;-0.006882902141685017;-0.006879769998305255;-0.006879751785848181;-0.006884341652972758;-0.006867473079390072;-0.006447460975360762;0.0012177295934565188;-0.006375795985277522;-0.006325315782591972;-0.006584604337084206;-0.006330341699821346;-0.006434555681444956;-0.006910646844741664;-0.006447460975360762;0.7464128685232989;0.22294303458794962;0.7704709331382218;0.5507748085819262;0.9560193132890141;1.1650592009462175;0.27351726864551335;0.49506846224919693;0.7464128685232989;;1950.1113747640738;1013.5658023113766;1869.0;-0.007280946137366092;-0.0072810422536202235
17;FEC001;4.08;1630;8.4;0.725;595;-0.007378520593938142;0.00022717511936411837;-0.007386918479072035;-0.007378520593938142;-0.007461899329553376;-0.007459515520120135;-0.007421356574133817;-0.007461878438367646;-0.007462814359936703;-0.006151196658501311;0.0007975853081893475;-0.006236260321338996;-0.006123394863841092;-0.006114890314600312;-0.005877851253517787;-0.006096179768861934;-0.006514647430675372;-0.006151196658501311;0.6774963011855667;0.12405883513893937;0.6261343612834079;0.5382434208158008;0.8569431323101815;0.987171643086669;0.35602410047504834;0.6093674979186764;0.6774963011855667;;1934.2588738020117;948.4387898729836;2032.0;-0.007311581633023918;-0.007357187903278852
18;FIC001;2.65;613;10.5;1.283;15;-0.007063031242641419;0.00015564982590527614;-0.007212381482354988;-0.007063031242641419;-0.0070971106751780205;-0.007088932857972756;-0.007087071823899341;-0.007101284623319581;-0.007097652544351252;-0.007602182767526187;0.0008372743504820087;-0.007425437132633555;-0.007310241598630732;-0.007506885094162422;-0.007405272478357878;-0.007372298209288419;-0.0077327460843252096;-0.007602182767526187;0.4775505818699841;0.1753076745899468;0.6103975059696841;0.48905948972622754;0.5556593997834394;1.0953689382480352;0.24712160227325936;0.43514865332908037;0.4775505818699841;;1783.901188667251;1012.7213834581902;1475.0;-0.007281730734672059;-0.0072826718805190215
19;FSC001;2.51;580;9.7;1.135;66;-0.006903865667340938;0.0003850021115841704;-0.007139713254908033;-0.006903865667340938;-0.00681952726494766;-0.0068001480070286205;-0.00677964522416874;-0.006855071081971823;-0.00693578822925594;-0.004753120200670796;0.0026490612547483655;-0.0045961429374074434;-0.004635709594637915;-0.004682550000482592;-0.00514203514065586;-0.004442809752887115;-0.005277665407186033;-0.004753120200670796;0.8034195793360217;0.27025243248776065;1.0164354216444014;0.7821563663210774;1.2347284274258228;1.5149206962581117;0.6494027658592778;0.5011765994239354;0.8034195793360217;;805.6336429276006;1008.6865828348928;1678.0;-0.007285251759251034;-0.0072902224234123476
20;GBC001;2.85;845;9.9;1.176;80;-0.007451833841030994;0.0001764592877148456;-0.007506960149702592;-0.007451833841030994;-0.007407677588895333;-0.007418585536522967;-0.0073747228446289954;-0.007438465418599103;-0.007483077942174443;-0.00601687945166193;0.0012032813381978214;-0.005905197616313464;-0.0059283589484217065;-0.005835499798006855;-0.00577695047309781;-0.005770000280764829;-0.006388545806728939;-0.00601687945166193;0.6447083848251484;0.20106744200376317;0.8077858266497094;0.6695477613336123;0.8395863750965756;1.2043127517764964;0.4883542163696365;0.5011232015453979;0.6447083848251484;;567.644433577398;1006.7449763785385;2575.0;-0.007287305739438602;-0.007293852588861473
21;GLC001;1.87;1050;8.2;0.814;86;-0.006797892618322179;0.00022257829304795105;-0.006860436490113991;-0.006797892618322179;-0.006733866764637137;-0.006712098946785664;-0.006720511861719868;-0.006769309165481575;-0.006781026409159689;-0.005709297594694317;0.0008562625648060163;-0.005253477340729812;-0.005288399018541117;-0.0056217632619291;-0.005448772291393533;-0.005246922284130102;-0.005663691649458295;-0.005709297594694317;0.5096314666139445;0.24934173872313214;0.9540761155130697;0.8371533756560211;1.1575675547935322;1.3256957839094234;0.48389099391311335;0.4994022013824929;0.5096314666139445;;848.0393443031259;1008.4174280171088;2690.0;-0.007276746923927661;-0.00728260027126605
22;GRC001;4.23;1948;5.4;0.69;863;-0.007496553053967335;0.0001861025825783484;-0.00738713869287092;-0.007496553053967335;-0.0075567777342163715;-0.007560063256544289;-0.007520433443393861;-0.0075533181943680935;-0.0075725600272150174;-0.006730852733597478;0.0007692791041612885;-0.0069098124478601305;-0.006951082525583967;-0.00676268859205757;-0.006402878004968767;-0.006759542673674535;-0.007237646107954029;-0.006730852733597478;0.6074658689401908;0.14597491665887938;0.5186350858264059;0.4484974980764375;0.7790729040718315;0.9777295647476023;0.28808477968205626;0.6102520823595602;0.6074658689401908;;2306.809939571099;918.1957916251183;1371.0;-0.007326196749255857;-0.007383957908208487
23;GSC001;1.59;1109;7.0;0.356;399;-0.00738468552131877;8.491269376589662e-05;-0.007405153527988102;-0.00738468552131877;-0.007409988793750354;-0.007400206217077259;-0.007400309924054265;-0.007399734792793632;-0.0074067857716388795;-0.007951319920120633;0.0002871890818453732;-0.008024446767715087;-0.007921021851241624;-0.0079545400232889;-0.007916007288266568;-0.007802989156330706;-0.007798136718205868;-0.007951319920120633;0.39945707719075085;0.2268672907862854;0.9590705484871989;0.778562343377249;1.008878755028831;1.2339747330383386;0.45272497070641304;0.3659417012890234;0.39945707719075085;;1833.7360667077166;963.9309590305356;2514.0;-0.007316185425620368;-0.007366495325794381
24;HAC001;1.87;1050;8.2;0.873;66;-0.006942957978450514;0.00014949441273027548;-0.007048938403009852;-0.006942957978450514;-0.006888279149242383;-0.006859121307801339;-0.006867522449893992;-0.0068881183821072785;-0.006910390710659662;-0.004547814196615069;0.0014376094771551833;-0.004313315324899397;-0.0043819331374383135;-0.004375980580242192;-0.00401962463526732;-0.004286345462426015;-0.00483947515557152;-0.004547814196615069;0.37892522626306296;0.3501989188945038;0.9877731896824664;0.7623909936276076;1.057108209458739;1.2785548369214714;0.5259471187701381;0.4192326162486276;0.37892522626306296;;791.724653851364;1006.9320072148661;2462.0;-0.007278332608872396;-0.0072857480626554
25;HDC001;2.87;818;10.0;1.278;82;-0.007513151328907491;0.0002524061119029027;-0.007535919471255309;-0.007513151328907491;-0.00749898850210192;-0.007497200490353548;-0.00749151684913065;-0.007536124164361702;-0.007575342793934595;-0.006984810580168688;0.0009236940197655246;-0.007041069435887818;-0.007055912282852299;-0.00710000148117525;-0.007280871233365202;-0.00697550082400864;-0.0067401231447084264;-0.006984810580168688;0.5235181821950514;0.3314796189997498;0.5976121277476355;0.4610213321221741;0.7222392716735659;1.0666865555681928;0.23854680315723903;0.5001562434067961;0.5235181821950514;;699.2265016778822;1006.9515539241333;1733.0;-0.0072870336553868915;-0.007293376482020665
26;HGC001;2.97;582;7.6;1.282;405;-0.00744888147268317;0.00043224217903684904;-0.007600898905940527;-0.00744888147268317;-0.007462846108350668;-0.007454823082868444;-0.0074852944737477944;-0.007477948675673813;-0.007451596824928764;-0.006913070084881818;0.0024970399260531555;-0.006591579928590594;-0.006621083571621311;-0.00656694559539593;-0.0059378841939827145;-0.006731651326465573;-0.006770894632932692;-0.006913070084881818;1.0017107455722858;0.41825851792623153;0.9394074218942573;0.4115598725557424;0.7712799002967394;0.8813030744879553;-0.14959021446003257;0.7592748048453817;1.0017107455722858;;1819.2653074052805;968.8774757877278;342.0;-0.007320171290004525;-0.007357452271441821
27;HHC001;2.5;580;9.7;1.014;96;-0.007419918446226673;0.000319080451021491;-0.007403712228108368;-0.007419918446226673;-0.007322457406709262;-0.0073111117306840275;-0.007311021612873472;-0.007375780823398674;-0.007353321563637854;-0.005030829843313063;0.00107100502246065;-0.004820599900191558;-0.004885574256836631;-0.004857451839067945;-0.0048350655991281225;-0.004608382358711866;-0.004480860758817855;-0.005030829843313063;0.6422107370253004;0.2584729256137662;0.9383773610163911;0.7317633711338197;0.7159603969804266;1.381396409949119;0.39604693121398316;0.49995297086151974;0.6422107370253004;;555.6356611825285;1007.2274904264145;1423.0;-0.007286639221791286;-0.0072930332171012085
28;HOC001;2.81;820;10.0;1.136;217;-0.007383539321883713;0.00017466582626357648;-0.0074240213110573555;-0.007383539321883713;-0.00736614024732301;-0.007352483970088632;-0.007315107971277569;-0.0074018177109808105;-0.007397086029758176;-0.004947732790962688;0.0007465457261383211;-0.0047661348009333466;-0.004834253083030237;-0.004893818586847917;-0.004811909264074029;-0.00463160727296183;-0.0050481042749787545;-0.004947732790962688;0.5899903804774819;0.2808245408100174;0.8192013333039049;0.6853629744015546;0.8755502388042677;1.1051906891978722;0.4382440409587848;0.5004161734681455;0.5899903804774819;;559.8353995876864;993.0952956329298;2409.0;-0.007300154934315548;-0.007318942583138316
29;JEC001;3.09;612;9.9;1.34;140;-0.007331076581487138;0.00013629460905258386;-0.007233484014925973;-0.007331076581487138;-0.007276437982708383;-0.007261700705389795;-0.007172925608375694;-0.007338284191515704;-0.007311351784849012;-0.0076902777967254666;0.0010371440950209922;-0.007307091328365923;-0.007340218638508246;-0.0074894385689008676;-0.007292609821242206;-0.007208839295472727;-0.007655400556257336;-0.0076902777967254666;0.8598607482079789;0.19654926511275173;0.802887817539661;0.8034114112686659;1.0627433848002745;1.2353124114179637;0.6662074465506447;0.8813925140948403;0.8598607482079789;;1619.6517514331738;1001.0462392064636;977.0;-0.007290933769025918;-0.007302365234524626
30;LBC001;2.8;576;9.2;1.454;72;-0.00782347412503931;0.0010042497745391863;-0.0077370058938823864;-0.00782347412503931;-0.00782111762161431;-0.007854725159058034;-0.007837336711764667;-0.007814818692009175;-0.008014517348226197;-0.009547195889556681;0.0032404707760386965;-0.009157048342316605;-0.009099204980400436;-0.009227766317823351;-0.010379170242066771;-0.009345840838829838;-0.008640947852479926;-0.009547195889556681;1.108523792399272;0.6243172251461049;1.3112765265130748;1.3122619577971508;0.351092716189021;0.757235111920397;-0.013623233370560919;0.5083656427979089;1.108523792399272;;1639.571364968103;1006.608340263744;384.0;-0.0072875898521347045;-0.007294300788171943
31;LEC001;4.28;2155;4.0;1.12;1111;-0.01115705745540491;0.000455615606198626;-0.011271451001007132;-0.01115705745540491;-0.011286052564619748;-0.011327432634352215;-0.011279220086034174;-0.011296114914173292;-0.011324261963710065;-0.005679984681015887;0.0017480368160440578;-0.005824165395104871;-0.005801649055209376;-0.005676924970247477;-0.005740209637694008;-0.0057832701363772845;-0.006381253516421054;-0.005679984681015887;0.8600730085391863;0.38874496519735546;0.5847744708914518;0.3370030680470048;0.6838062871670649;0.7591448604842981;0.10506015534888612;0.6451823678103465;0.8600730085391863;;750.0702153001565;689.657638270011;925.0;-0.007393179482244612;-0.007403052136002924
32;LUC001;3.03;825;10.0;0.821;199;-0.006970800435155413;0.00015095492604656673;-0.007006332199995108;-0.006970800435155413;-0.0070324043945557265;-0.007037410420705339;-0.007023292580487723;-0.007032927303158362;-0.00703786578336351;-0.00745049023851583;0.0009255729481641681;-0.007475671621753428;-0.007499125220052282;-0.007441863157833078;-0.0073846482795806205;-0.0074356647310280695;-0.00731967285918947;-0.00745049023851583;0.4108012206558611;0.26519503037054276;0.6018955088426498;0.4486414000418244;1.123917716153548;1.0744683859806115;0.29973986410301806;0.49489719048835784;0.4108012206558611;;1514.1420580247682;1002.1753528143531;2317.0;-0.00729041903601036;-0.0073008928302580696
33;MEBCK001;3.09;718;10.3;1.31;91;-0.0073720028129551805;0.00019778886034805559;-0.007338869582282975;-0.0073720028129551805;-0.007470226500454524;-0.007465555412682253;-0.007435164330082403;-0.007490546937242035;-0.0074813864990493995;-0.00793934653094372;0.0006241856205968956;-0.007838845187182869;-0.007866069371913571;-0.007821424139844772;-0.007638206943770599;-0.007728824799838085;-0.007706574966495255;-0.00793934653094372;0.9078532418593828;0.23196093466636664;0.9433059074354763;0.8289004647290199;1.1148893488763296;1.2325801335968942;0.45060322487667853;0.8630036353688314;0.9078532418593828;;766.9089326612226;1011.6051047650735;3199.0;-0.007281161343304405;-0.007283035354490674
34;NOC001;3.15;1030;10.5;1.25;140;-0.007111001505347269;0.0005916134881382083;-0.007408281621146554;-0.007111001505347269;-0.0071907577620637046;-0.007167117427609728;-0.007186483979043019;-0.007194708769379786;-0.007186953889210192;-0.008087036500279206;0.0026565888750627754;-0.00821183578048776;-0.0081105173699633;-0.008119058161957408;-0.008303348462801494;-0.007998724712610854;-0.008546059445682666;-0.008087036500279206;0.5985071572814565;0.5893615249516433;0.30497804027883296;0.10617093919576981;0.4846029082040081;0.1945222153098488;-0.010381526747035217;0.5035126067935518;0.5985071572814565;;1673.15194072775;997.9084978455942;220.0;-0.007293132225187262;-0.007307204318388823
35;OLC001;7.36;544;16.2;1.426;415;-0.006979457624345639;0.0004507244576224054;-0.006932414490028827;-0.006979457624345639;-0.0069795569758693485;-0.0069855770570376625;-0.006976878176258878;-0.007018870230660431;-0.006948732535223471;-0.006149176610484066;0.0009418799130640873;-0.006177478735162949;-0.006198666860425517;-0.006197321322400174;-0.006220573772245421;-0.006154473830545417;-0.00603530493637648;-0.006149176610484066;0.13967358590932272;0.19578116242229224;0.20408399219245527;0.02512910852619644;0.5396657612372574;0.6528306358925555;0.14112712429017665;0.11396163972606034;0.13967358590932272;;756.2217000519225;971.6874173271468;1745.0;-0.007099703096624214;-0.007140389363874668
36;PEC001;4.06;1065;10.0;1.317;278;-0.007517884015156461;0.000450977780096674;-0.007480239617341346;-0.007517884015156461;-0.007547500201268306;-0.007554821213505921;-0.007518654381370903;-0.007565866892710445;-0.00751495675658516;-0.00653596741598014;0.0008828012766418453;-0.006603019947476776;-0.00656188759828473;-0.006663996685976332;-0.006315570172966741;-0.006451753297663268;-0.00630007383559704;-0.00653596741598014;0.6560748005857621;0.2470941925584548;0.30984914112022305;0.23768342113906757;0.7064467817634553;0.8161928015852787;0.16944096924985186;0.5604384405919332;0.6560748005857621;;1015.5566926707878;982.1493892328051;1463.0;-0.007286896721075376;-0.007312097502829991
37;RIC001;4.22;1460;7.1;0.964;755;-0.007347374541292532;0.00021437518252046615;-0.007366726971424564;-0.007347374541292532;-0.007551340309899375;-0.007566936125546785;-0.007526570648455279;-0.007569285573417082;-0.00756511391076697;-0.006143898682383673;0.000859342209090974;-0.006017758073791479;-0.0059885330667657985;-0.005913458910579469;-0.005851171117469138;-0.005888506901189005;-0.006256823010087038;-0.006143898682383673;0.9832354784754934;0.11531305645484011;0.7063550001947743;0.6647600003257945;0.9359026004204828;1.0843922522696694;0.265012690595125;0.9652743770286044;0.9832354784754934;;1106.6365110132435;929.4293380488001;3158.0;-0.007319551581057499;-0.007373295946571246
38;ROC001;3.1;1018;7.0;1.032;515;-0.0069648612766226685;0.0001724604678380731;-0.007010285966611892;-0.0069648612766226685;-0.007076406358933168;-0.007060636416437623;-0.007013772675332972;-0.007086715405887442;-0.007085867341802542;-0.01638991290311399;0.0038280082811168754;-0.014968151062211336;-0.01501375732293683;-0.01504825185594445;-0.01367140372120438;-0.014272291246604762;-0.0198121574387032;-0.01638991290311399;0.8374329048478354;0.1860125330243325;0.8769254839776872;0.7963318574245161;1.0659700624800121;1.2698304097957807;0.4879790484872578;0.8352350148912824;0.8374329048478354;;935.7689185452762;962.3289597875465;3303.0;-0.007323961636052176;-0.007365123992655549
39;ROC002;3.19;1018;7.0;0.944;506;-0.007103840831790718;0.00013756814002714222;-0.007168331955412419;-0.007103840831790718;-0.007199731463431293;-0.0071967611083175575;-0.007145719647917435;-0.007228263541706203;-0.007246772906903946;-0.014636740335829294;0.003557159114676297;-0.013332518579431171;-0.013500189029042304;-0.0135026552879104;-0.012739320507029327;-0.012751453508022531;-0.01754208358742352;-0.014636740335829294;0.7910982314468535;0.1739001283108965;0.9450874206618174;0.8208204694114056;1.1012868788104289;1.2457615253246013;0.5453550018451317;0.8276009779487785;0.7910982314468535;;854.3368508076833;956.5367063723061;2881.0;-0.007327258112657511;-0.007371734201281107
40;RUBCDKR001;3.19;870;7.0;1.0;611;-0.007217726590907298;0.00015383656727728265;-0.007232482642096372;-0.007217726590907298;-0.007293435740911171;-0.007282656068540407;-0.0072752809589807415;-0.0073111299066710754;-0.007298047780171765;-0.006368304615368313;0.0012594020322465723;-0.006299528250969975;-0.00631524499178336;-0.0062131806235836435;-0.006041028185184868;-0.006218765312188214;-0.006238679660347201;-0.006368304615368313;0.7663762372178339;0.20448138736818358;0.7836539360060641;0.672572533365174;0.8197513951780169;1.101103988208511;0.23364633294931755;0.7682550819378002;0.7663762372178339;;896.3067896093467;944.5773404801604;2003.0;-0.007336380652352086;-0.00738794576609119
41;RUBCK002;3.04;718;10.3;1.318;107;-0.007237526552636893;0.00015779714693846773;-0.007244173011867948;-0.007237526552636893;-0.007336647946522831;-0.007347795819422743;-0.0073305046332894875;-0.007346518273091553;-0.007348344723099938;-0.008022395890166255;0.00099193722142572;-0.00794696149520329;-0.00805712816940498;-0.007994741260547342;-0.007732714033073584;-0.007935327848143669;-0.007775204190330164;-0.008022395890166255;0.7940662231666511;0.1817001708735166;0.9006704975951342;0.7865450094592006;1.001626794349354;1.1349915332390277;0.3144684206493967;0.744098306329481;0.7940662231666511;;780.4269288997014;1008.8164081569784;3091.0;-0.007284196250992858;-0.00728867084587914
42;RUBCK003;3.05;718;10.3;1.102;100;-0.007309684489034837;0.00012985213915919086;-0.0073063327068583475;-0.007309684489034837;-0.007393646387683637;-0.007390127090031505;-0.007354215566378246;-0.007413370760636498;-0.00741422998746728;-0.00749916360766137;0.0005628349845510473;-0.007476984236199198;-0.0074869260052664345;-0.0075119485418254535;-0.007240640288047692;-0.007370923026919874;-0.007453266096543444;-0.00749916360766137;0.8118390314695937;0.20926740486822518;0.8532943166909038;0.7385079060749035;1.0715834795030768;1.1200551129058358;0.4417470320905969;0.752877372047541;0.8118390314695937;;665.58084397584;1004.2503001911832;3090.0;-0.00728834908008426;-0.007296963604136771
43;RUBCK004;2.98;722;10.3;1.126;72;-0.007295591791096168;0.0001859091606214369;-0.00730609698585815;-0.007295591791096168;-0.007380914044871261;-0.00736819602845082;-0.007391813276339278;-0.007396800967244854;-0.007396036918823504;-0.00629192332848439;0.0006543375853079324;-0.006274504015565886;-0.0062634293861604275;-0.00632714948273704;-0.006079664528025588;-0.006327138544443641;-0.006556361369535523;-0.00629192332848439;0.8297290131299722;0.15471173644066874;0.887460552052839;0.7458447392616343;0.9712769633960348;1.054872570566569;0.21584484803759668;0.8235892562159269;0.8297290131299722;;680.1383544425846;1006.8325721983492;2736.0;-0.007286495719332429;-0.007292827048748755
44;RUC004;3.03;722;10.3;1.215;58;-0.00733027156009703;0.00017064041868233336;-0.00735529192858007;-0.00733027156009703;-0.00741193314616507;-0.00741277681422867;-0.007390735556673002;-0.007436330052164663;-0.007439008510409401;-0.007017750923828383;0.0005878609134511857;-0.006999485044583307;-0.00703639877612618;-0.007001295739713719;-0.00682734223248631;-0.007020825535962357;-0.007241323979649946;-0.007017750923828383;0.7868427596989712;0.08530989527181454;0.8207126044686748;0.7132170462714663;1.1048575554666071;1.1132758197745503;0.3670649317942932;0.7983848975534487;0.7868427596989712;;724.3327207676753;1015.50905213738;3333.0;-0.0072779426024279096;-0.007276115605185951
45;RUC005;3.22;857;8.0;0.959;505;-0.0072824501550657825;0.00010106664929756588;-0.007270185105851899;-0.0072824501550657825;-0.007355345761799562;-0.007365985727274346;-0.007320984274661415;-0.0073572351908384;-0.007370084231134531;-0.00718717689688218;0.0007613349022699325;-0.0071027648572852655;-0.007165393624599619;-0.007067242906604103;-0.0069679640887861565;-0.007038645627845046;-0.007111742837347589;-0.00718717689688218;0.7655839516698555;0.134058470750224;0.8098439027270347;0.7493389556823652;1.0356065240468753;1.1153918037806134;0.39143866958256973;0.7925420091667458;0.7655839516698555;;982.8182056931622;966.123043673094;3412.0;-0.007319202869031179;-0.007357324494164907
46;RUC006;3.15;865;10.3;1.112;232;-0.00733021877174833;0.00021074271744586005;-0.007330276761442992;-0.00733021877174833;-0.007425000124717532;-0.0074245130456251675;-0.007435919750405325;-0.0074444541902319245;-0.007444284440517538;-0.007408495186195216;0.0008699140580064353;-0.0074039276296442675;-0.007446108047967415;-0.007455664208088615;-0.007187239810441371;-0.0073269170863898185;-0.007478318567404682;-0.007408495186195216;0.7718491881456717;0.14755500449449027;0.8543509141429617;0.7697811211614366;1.1050701265517688;1.2178941410903246;0.2701750572849928;0.7965026846681474;0.7718491881456717;;763.1275275179364;987.3694971202431;3209.0;-0.007302432024604344;-0.007325187641612975
47;RUC007;3.09;614;9.0;1.019;374;-0.00733832605079438;0.0001731411741647505;-0.007416337780138797;-0.00733832605079438;-0.007424216096478562;-0.007420550218949859;-0.007419988307658329;-0.007433023202458105;-0.007419626183199005;-0.006483463787532795;0.0013927103862687498;-0.00650780202201432;-0.006492313888546469;-0.006481281721539558;-0.0063480743678012395;-0.006511035192446339;-0.006755781352005949;-0.006483463787532795;0.7425260304131162;0.19564637812409597;0.640234813963501;0.500888405815323;0.8089086819433201;1.0060968583195815;0.22466616941537096;0.6312291404864924;0.7425260304131162;;705.9137819002573;972.8329314376671;1719.0;-0.007315502597102483;-0.007349432115132182
48;RUC008;3.09;614;9.0;0.897;394;-0.007342617254029855;0.0006028026862168939;-0.007259898658265909;-0.007342617254029855;-0.007485097055478117;-0.007455909399730766;-0.007385780963702212;-0.00748137033967352;-0.007376037468797157;-0.007322689023659837;0.0024118266210134322;-0.007311779068095765;-0.00737003341612606;-0.0073313593327720104;-0.007084320672575958;-0.007462157051864173;-0.006640717474501007;-0.007322689023659837;0.6882969931000779;0.7655886338068872;1.0968630905484087;0.4183602907584278;0.4289387537312312;1.2012302847094798;-0.15498577929628748;0.9941635166373615;0.6882969931000779;;2006.013991092349;966.8251337905256;137.0;-0.00732045572881171;-0.007358622923441468
49;SAC001;1.31;2500;7.7;1.146;91;-0.0071605114276916;0.00026666488261962296;-0.007202606495954732;-0.0071605114276916;-0.0071354219906156315;-0.007133789004286394;-0.0071422398394932595;-0.007148495654799928;-0.00712439624272843;-0.008510573438888197;0.0017543468163923374;-0.00823699575038138;-0.0083195903685183;-0.008516302059445764;-0.008345617091085264;-0.008262772963110634;-0.008576711685636066;-0.008510573438888197;0.09736991536956906;0.17957675875463597;0.8359940374578474;0.45273829605322596;0.06789542736884821;0.9162209562474718;0.22434856815124263;0.09590046749985735;0.09736991536956906;;1862.12908920168;1000.4065079750948;1330.0;-0.007267650295655147;-0.007283306951753001
50;SCC001;2.91;951;9.9;1.185;425;-0.006954254368682752;0.00024078081922625737;-0.006987794336490861;-0.006954254368682752;-0.006904493414561531;-0.006904393913315208;-0.006831344462855383;-0.006823153622199311;-0.00691380629976767;-0.003070981876973118;0.0012252175441960892;-0.0026717171264751412;-0.002750305199536218;-0.002556855744136564;-0.00225706081589983;-0.002335734991177562;-0.003809351420254079;-0.003070981876973118;0.7179288619953813;0.2652796966548578;0.7277885219487349;0.6322297840603437;1.029006696563468;0.9731185913858011;0.4760440616671431;0.6571432137581665;0.7179288619953813;;982.0958340665343;968.1844569471494;2458.0;-0.007321301876454545;-0.007359335219770566
51;SCC004;2.91;951;9.9;1.01;399;-0.006929263196577118;0.00033216757723336925;-0.007192876762097839;-0.006929263196577118;-0.006879802849681512;-0.006882890023999866;-0.0068138309246167355;-0.006875758402553567;-0.006927752508137876;-0.0008084154202665017;0.0016455531759523028;-0.0001999444686147208;-0.000276517006009064;-0.00038991454753713905;4.589376887448118e-05;-8.549641909167985e-05;-0.002014822555133276;-0.0008084154202665017;0.7495800853055341;0.1576949820185011;0.7702084130359744;0.6898951779242709;1.2795067255240753;1.0332034010782831;0.3640872896040555;0.815424844635774;0.7495800853055341;;888.5717372544132;979.9880358465513;2236.0;-0.007311237050590035;-0.007340460437098274
52;SEC001;3.1;718;10.3;1.276;101;-0.007364873994294002;0.00011612501465587617;-0.007504674078557987;-0.007364873994294002;-0.007439735077407217;-0.007435119602700422;-0.007437993882455908;-0.007450564683190336;-0.007466778042958617;-0.006766238651199205;0.0010506897574705833;-0.006598551785031606;-0.006625145230134848;-0.006582405633667273;-0.006414792890915838;-0.006561065476215179;-0.00763277902227614;-0.006766238651199205;0.9037532153560204;0.2232176467530182;0.9140798357406409;0.711431228757359;1.100356859990187;1.1966811120513503;0.30640622177435195;0.7382375245442228;0.9037532153560204;;655.6116334441671;1004.772284018339;1943.0;-0.007287420508230222;-0.007295538849991565
53;SHC001;2.9;815;9.5;1.335;197;-0.007027398056423752;0.00023525186818723845;-0.0070177890480984835;-0.007027398056423752;-0.00708836268686809;-0.007084958137489058;-0.0070802352887970885;-0.007121958379302221;-0.0070996926071895915;-0.008362410008133862;0.0009657835358452674;-0.008643544713334722;-0.008555527887802773;-0.008545846616017911;-0.008554797409027252;-0.008601212518902376;-0.00858200746612344;-0.008362410008133862;0.5164939265461636;0.2706476967851517;0.8240719980400991;0.6509205379634843;0.6876722133404343;0.9425715853075576;0.5856128989626512;0.48318509409170546;0.5164939265461636;;1798.6896471810949;992.333386308331;761.0;-0.007300357638162271;-0.007319580327580735
54;SHC002;2.9;815;9.5;1.1;204;-0.007132073458185896;0.00014722175733047256;-0.00721925785799211;-0.007132073458185896;-0.007185794708765555;-0.007188652484882502;-0.007181683338881623;-0.007192956809980163;-0.007181427245167812;-0.0075817318850845096;0.0009803976433848537;-0.007774912980459855;-0.007759930271205119;-0.007810636187838252;-0.007759198454651335;-0.0076610878177069;-0.007699766976608317;-0.0075817318850845096;0.42238981078041915;0.14277017407096051;0.7463366567658266;0.5836135346682381;0.8437321992455314;1.0108474711686246;0.3771614416273992;0.4215403102193299;0.42238981078041915;;1761.9669036897603;991.7264055724798;1325.0;-0.007300906329310278;-0.00732064192607407
55;SHC003;2.9;815;9.5;1.048;182;-0.007109446806300487;0.00019102461152248695;-0.007138686917019371;-0.007109446806300487;-0.007162568107371933;-0.007160724985916387;-0.0071539312058313586;-0.0071751137484870635;-0.007159575985255406;-0.0070250287716525535;0.0014925311677148833;-0.007229817383194264;-0.007137824488178983;-0.007266882607172228;-0.007157143764547998;-0.007085686407071081;-0.0072698186591238665;-0.0070250287716525535;0.44958918727958125;0.1944510123526612;0.7776313799957063;0.6992221873572904;0.8559596165896322;0.8677463517989695;0.4206730606364358;0.49933721010107035;0.44958918727958125;;1682.3767032360793;993.6835191699513;1215.0;-0.007299136538765481;-0.00731721398788711
56;TOC001;5.51;1028;13.6;1.354;188;-0.007279042941219594;0.0006070175192251871;-0.00693320443413218;-0.007279042941219594;-0.00744265569102117;-0.007429253822799457;-0.007440028530004958;-0.007411851403899338;-0.0074399471861835145;-0.0008899714003515126;0.0013490329558482276;-0.00123499951454833;-0.0012416680451745776;-0.0010870965495218827;-0.0010504033936649978;-0.0006969661603203199;-0.00036576755957336466;-0.0008899714003515126;0.522847979324877;0.18602668194674857;0.5057348610482336;0.4549897582706715;0.7563279890374887;0.5157982668078192;0.06786761122835648;0.6143166476780898;0.522847979324877;;705.4870317674176;995.4226311948098;1585.0;-0.007211508391769603;-0.007227194048448794
57;VOC001;1.87;1050;8.2;1.388;67;-0.006786024142229429;0.00022924892819896142;-0.006922203806683878;-0.006786024142229429;-0.0067304080505492525;-0.006712624998500458;-0.006716711916749952;-0.00674224273112039;-0.006752830692551353;-0.009522915993927935;0.001670138325464946;-0.009112814459974297;-0.009182238507395322;-0.00940679068557508;-0.009198545617782689;-0.009067150097494509;-0.009061111649899343;-0.009522915993927935;0.47702049025557947;0.29105773185471007;1.0048178378465948;0.8350557644553176;1.0923370472841112;1.2237158414382625;0.4643916225870639;0.4939022825407925;0.47702049025557947;;1135.9738076343006;1012.9062847952252;2841.0;-0.007271903801123782;-0.007272951234591289
58;WAC001;2.5;580;9.7;1.095;96;-0.007374448310728608;0.00041524637413690427;-0.007381498167419621;-0.007374448310728608;-0.007375954057640921;-0.007322378478775382;-0.007288194333581213;-0.007368892028268315;-0.007387363176942202;-0.005050756914537721;0.001382547313257746;-0.004870023693323955;-0.004898716214973678;-0.005028373199794518;-0.004976901736061246;-0.004817888347690762;-0.004899721251826374;-0.005050756914537721;0.6454081615696091;0.18314660535398067;0.8337014434395287;0.6489449588502244;1.018516586411724;0.9855384121897338;0.5464751722449177;0.5010008214096847;0.6454081615696091;;621.0966658748811;1006.1946333461824;1560.0;-0.00728765415953924;-0.007295043798545686
59;WEC001;4.42;1547;-2.7;1.11;2464;-0.005942090823405589;0.0013199351374317005;-0.0068453158173885234;-0.005942090823405589;-0.005896741716154411;-0.0055388342515906245;-0.005609528009542244;-0.005827788013528838;-0.005797701852730613;0.016646312403296303;0.01932164120624328;0.018128442802069593;0.018359984514632617;0.018122280852913727;0.013407021713867455;0.018538451313207333;0.0012378885140203104;0.016646312403296303;1.0231981289924663;0.4282249289892551;1.0355745366290496;0.7506642133173765;1.1656383905573453;1.4086432227313659;1.0868354563730451;0.8993000410640148;1.0231981289924663;;3247.64500787948;754.3034416560657;632.0;-0.007380000045019257;-0.007422099059762089
60;WUC001;3.28;1180;7.0;0.697;605;-0.007298165140481217;0.00019229577794110104;-0.007299914804657063;-0.007298165140481217;-0.007348753913010911;-0.0073487319367248295;-0.007295407729344163;-0.0073550535306434765;-0.007361990865393217;-0.0056983138768444165;0.0008968500892364002;-0.005599024142464918;-0.005659533292484786;-0.005592851356200749;-0.005531290821826177;-0.0055790096646877564;-0.0056838331515734475;-0.0056983138768444165;0.6340394871836629;0.20395763397832295;0.7825998684133328;0.6787859209290554;1.0120231843791367;1.0526126698212421;0.43153876876307584;0.6500330260440169;0.6340394871836629;;845.1466024097999;946.614116747799;2941.0;-0.007333303628073804;-0.007383200621890018
61;WUC002;3.28;1180;7.0;0.417;607;-0.007228849315337084;0.0001243898544980669;-0.00721645173476525;-0.007228849315337084;-0.0072985387227665925;-0.007294594230626459;-0.007278210419451091;-0.007319486958600448;-0.0073328181435899165;-0.005257142572783478;0.000599647555493353;-0.0051395824660193145;-0.00519556047678882;-0.005074405964833686;-0.005081620576284445;-0.005141193795884923;-0.005060153010583405;-0.005257142572783478;0.7106984682613643;0.17129981967073402;0.8580028691232214;0.6773477159530228;0.8967098846858319;1.2227125864204191;0.3982925898903185;0.733112886475268;0.7106984682613643;;1918.6515243073318;949.8001745488889;1950.0;-0.00733091660066658;-0.007378992471297106
62;WUC003;3.28;1180;7.0;0.77;605;-0.0073250785004968615;0.0003907567994965348;-0.007281059523818528;-0.0073250785004968615;-0.007359252647666743;-0.007370331018232933;-0.007348720412426123;-0.007351322823227053;-0.00737244896186347;-0.00657656278674146;0.002068976648236123;-0.006347970193008661;-0.006503335122390162;-0.006345327651863438;-0.006464758157145803;-0.006544221825596564;-0.007154570060415339;-0.00657656278674146;0.5561767019064208;0.5038144112343168;0.8094262915052931;0.295633435914623;1.027031648902123;-0.1101937099510629;0.032497382753160234;0.4957972507593382;0.5561767019064208;;761.7636300608042;943.0687351090959;295.0;-0.0073359276439767295;-0.007387788565328523
63;ZEC001;2.81;847;10.4;1.408;74;-0.007642066397029799;0.001192213579404547;-0.007589785015252691;-0.007642066397029799;-0.007722214403443349;-0.0077496607867168;-0.0077775833484715964;-0.007757057700023061;-0.008021592777846151;-0.00500946091020214;0.004173708468505282;-0.005104393759903488;-0.005295677597796786;-0.005357104623416284;-0.005973782816113119;-0.00529860522286413;-0.004325676267181877;-0.00500946091020214;0.9926854671028118;0.645209606691345;1.1627125118501405;1.1049019604626305;0.607873424405355;-0.0840514636912068;-0.3310098953766459;0.9905529045740846;0.9926854671028118;;864.6726011070405;1005.8529466533962;219.0;-0.007288268551465922;-0.00729566165904292
64;ZUC001;3.12;1009;10.4;1.343;158;-0.007475153334752156;0.0004400670486463568;-0.007464981749073608;-0.007475153334752156;-0.0075317590558673965;-0.007575455679521496;-0.007571147960618632;-0.0075090019004294874;-0.0073434798482083586;-0.008625273626815023;0.00229072321254651;-0.0083242279366177;-0.008589783566998539;-0.008678877307064453;-0.00787335471065415;-0.00875988016792771;-0.007982739320410525;-0.008625273626815023;0.483735512964725;0.45095008730066694;1.1864441148949756;0.7309047665982705;1.253731102542289;0.8208016018700689;-0.10147049405744267;0.5001819676026693;0.483735512964725;;1405.461298901454;1001.8955743550734;283.0;-0.007289842246697588;-0.007300484224337069
